Employee_ID,Hire_Date,Department,Level,Gender,Age,Base_Salary,Bonus_USD,Total_Comp,Tenure_Years,Performance_Score,Attrition,Satisfaction_Score,Training_Hours,Absences
EMP-0001,2021-10-12,Operations,Director,M,35,94918.08,18598.92,113517,3.2,2.9,No,3.2,61,8
EMP-0002,2019-10-12,Legal,Director,F,29,143433.06,16014.12,159447.18,5.2,3.8,No,1.4,65,12
EMP-0003,2020-09-20,Engineering,Mid,M,22,151633.56,31208.29,182841.85,4.3,2.9,Yes,2.7,8,8
EMP-0004,2018-06-03,Engineering,Director,M,47,124025.01,16154.43,140179.44,6.6,3.8,Yes,1.2,22,20
EMP-0005,2022-08-01,Finance,Director,Non-binary,40,63238.24,12394.05,75632.29,2.4,3,No,3.5,4,11
EMP-0006,2018-11-01,Marketing,Junior,F,47,86203.51,8515.68,94719.19,6.2,3.3,Yes,1.1,8,2
EMP-0007,2023-05-24,HR,Senior,F,36,122922.69,5977.89,128900.58,1.6,4.7,Yes,1,22,13
EMP-0008,2023-02-18,Sales,Manager,F,43,172317.24,34590.2,206907.44,1.9,4.8,Yes,4.3,73,8
EMP-0009,2022-07-19,Product,Mid,F,51,133831.23,29995.72,163826.95,2.5,4.4,No,1.5,8,12
EMP-0010,2018-11-23,Finance,Senior,M,44,109893.11,267.13,110160.24,6.1,4.3,No,2.1,51,10
EMP-0011,2016-09-06,Product,Senior,F,35,164675.86,11077.57,175753.43,8.3,4.8,No,3,25,7
EMP-0012,2018-05-07,Finance,Mid,F,44,57619.36,1536.84,59156.2,6.7,4.7,No,3.5,69,1
EMP-0013,2022-06-20,HR,Lead,Non-binary,39,106166.78,26127.5,132294.28,2.5,4.7,No,2.6,73,4
EMP-0014,2015-09-26,Legal,Lead,Non-binary,24,107858.91,10616.47,118475.38,9.3,3.7,No,2.8,15,16
EMP-0015,2022-06-23,Engineering,Junior,F,46,119246.19,9701.76,128947.95,2.5,3.5,No,1.7,33,7
EMP-0016,2019-08-20,HR,Senior,F,53,96471.72,10107.65,106579.37,5.4,4,No,4.4,35,14
EMP-0017,2017-10-05,Finance,Junior,F,37,115524.31,24731.12,140255.43,7.2,1.8,No,2.9,1,5
EMP-0018,2021-08-05,HR,Lead,F,38,116510.08,16539.61,133049.69,3.4,2.6,No,1.2,32,15
EMP-0019,2016-08-24,HR,Senior,F,45,116250.76,27081.91,143332.67,8.4,2,No,2.6,44,19
EMP-0020,2018-10-19,Marketing,Senior,F,42,132612.96,16162,148774.96,6.2,3.9,No,2.5,36,14
EMP-0021,2017-03-21,HR,Lead,Non-binary,58,93692.04,21246.38,114938.42,7.8,1.3,No,1.9,40,20
EMP-0022,2019-12-09,Legal,Senior,M,45,143444.85,18681.39,162126.24,5.1,2.8,No,1.7,2,4
EMP-0023,2018-11-09,Sales,Mid,F,47,49936.35,796.39,50732.74,6.1,4.5,Yes,1.2,50,16
EMP-0024,2016-02-09,Marketing,Junior,M,41,68256.61,12586.4,80843.01,8.9,2.8,No,1.5,21,0
EMP-0025,2015-11-12,HR,Lead,M,56,170554.35,23389.2,193943.55,9.1,1.5,Yes,1.7,76,14
EMP-0026,2021-09-21,Operations,Senior,M,56,67933.62,1520.93,69454.55,3.3,2.2,No,2,38,0
EMP-0027,2015-09-27,Marketing,Senior,F,52,112589.34,19358.89,131948.23,9.3,3,No,2.2,55,9
EMP-0028,2018-01-18,HR,Mid,M,57,98380.42,6146.22,104526.64,7,3.9,No,4.3,28,8
EMP-0029,2016-07-21,Finance,Manager,Non-binary,39,76278.14,14167.27,90445.41,8.5,4.2,No,1.8,8,5
EMP-0030,2017-05-04,Product,Manager,M,39,136568.53,16797.79,153366.32,7.7,2.3,No,1.2,68,0
EMP-0031,2017-02-10,Operations,Mid,M,22,68757.52,2590.16,71347.68,7.9,3,No,2.7,63,11
EMP-0032,2022-12-26,Engineering,Senior,M,31,43125.56,8362.62,51488.18,2,1.3,No,1.7,32,12
EMP-0033,2015-02-25,Finance,Lead,M,37,141954.76,1189.24,143144,9.9,2.8,No,3.1,26,15
EMP-0034,2021-11-10,HR,Mid,M,57,110534.31,6999.94,117534.25,3.1,3.6,No,2.4,6,6
EMP-0035,2016-04-21,Legal,Senior,M,32,150186.61,21953.41,172140.02,8.7,2.6,No,1,5,18
EMP-0036,2022-12-20,Marketing,Senior,M,37,57866.28,1322.27,59188.55,2,3.5,No,1.2,19,17
EMP-0037,2016-03-16,Finance,Senior,Non-binary,44,151801.18,16649.51,168450.69,8.8,1.8,No,2.4,17,8
EMP-0038,2015-08-23,Product,Manager,F,56,136070.48,6455.72,142526.2,9.4,1.7,No,2.3,59,8
EMP-0039,2023-03-03,Marketing,Lead,F,38,113532.86,12888.22,126421.08,1.8,4.1,Yes,2.5,23,0
EMP-0040,2020-10-08,HR,Director,M,56,153762.21,7298.69,161060.9,4.2,3.7,Yes,1.6,36,10
EMP-0041,2021-11-11,Sales,Junior,Non-binary,26,41347.7,9693.96,51041.66,3.1,1.7,No,1.8,62,6
EMP-0042,2016-01-19,Legal,Director,M,55,125475.72,18517.11,143992.83,9,1.2,No,3.4,9,0
EMP-0043,2018-11-16,Sales,Lead,M,45,115912.88,27188.64,143101.52,6.1,2.7,No,4.2,7,19
EMP-0044,2019-09-02,Sales,Senior,M,35,174285.08,4231.61,178516.69,5.3,3.9,Yes,2.5,24,16
EMP-0045,2018-10-21,Marketing,Manager,Non-binary,48,143185.71,27430.21,170615.92,6.2,3.3,No,3.8,54,3
EMP-0046,2017-03-18,Legal,Manager,F,32,112415.57,16859.97,129275.54,7.8,4.7,No,3.2,41,11
EMP-0047,2021-11-14,HR,Manager,F,58,114115.8,10700.16,124815.96,3.1,3.2,No,2.4,57,14
EMP-0048,2021-01-24,Engineering,Senior,Non-binary,23,110053.36,27332.08,137385.44,3.9,2.2,No,4.9,27,10
EMP-0049,2015-12-27,Operations,Manager,Non-binary,57,117746.89,16826.38,134573.27,9,1.4,No,2.4,17,8
EMP-0050,2020-10-08,Finance,Senior,F,27,117720.64,16747.67,134468.31,4.2,1.9,No,3.9,61,5
EMP-0051,2022-12-23,Sales,Manager,F,24,140964.46,20308.88,161273.34,2,1.3,No,4.7,42,11
EMP-0052,2021-07-28,Sales,Mid,Non-binary,22,126913.63,20058.5,146972.13,3.4,1.2,Yes,1.2,69,18
EMP-0053,2017-06-17,Finance,Mid,M,47,175800.84,33087.49,208888.33,7.5,3.3,No,1.9,37,12
EMP-0054,2017-03-11,Sales,Lead,Non-binary,25,114482.1,7514.55,121996.65,7.8,2.6,No,4.1,16,4
EMP-0055,2022-09-07,Product,Lead,Non-binary,34,116369.3,29007.34,145376.64,2.3,3.1,No,1.3,55,10
EMP-0056,2016-02-22,Legal,Lead,F,44,62621.01,5393.62,68014.63,8.9,3.6,No,1.7,44,19
EMP-0057,2022-10-05,Product,Junior,F,34,134377.09,5240.41,139617.5,2.2,3.9,No,1.4,6,7
EMP-0058,2017-05-01,HR,Director,M,41,100258.93,570.18,100829.11,7.7,1.8,Yes,1.8,69,16
EMP-0059,2019-09-16,Marketing,Director,M,46,119535.72,19828.83,139364.55,5.3,1.2,No,1.2,25,19
EMP-0060,2019-01-15,Engineering,Junior,M,39,131132.34,29926.65,161058.99,6,2.4,No,1.1,49,7
EMP-0061,2021-09-23,Sales,Senior,M,56,47763,2374.72,50137.72,3.3,4.9,Yes,4.7,2,1
EMP-0062,2018-09-10,HR,Lead,M,32,37663.97,6443.47,44107.44,6.3,2.4,No,1.9,64,8
EMP-0063,2015-11-09,Legal,Junior,Non-binary,39,67709.49,5785.54,73495.03,9.2,2.6,No,1.4,48,16
EMP-0064,2018-07-08,Marketing,Lead,F,43,100129.53,3298.57,103428.1,6.5,3.6,Yes,3.2,25,4
EMP-0065,2019-12-23,Marketing,Lead,F,58,167981.26,13333.35,181314.61,5,3.2,No,1.7,18,0
EMP-0066,2020-07-14,Operations,Lead,F,31,147970.64,3949.76,151920.4,4.5,1.7,Yes,3.5,77,18
EMP-0067,2018-10-08,Finance,Director,M,44,46523.94,9070.15,55594.09,6.2,1.5,Yes,2.9,47,5
EMP-0068,2021-08-16,Marketing,Mid,F,36,39673.29,7582.94,47256.23,3.4,1.1,No,4.8,28,6
EMP-0069,2018-02-06,Product,Manager,M,42,160682.36,35654.89,196337.25,6.9,2.7,No,3.4,48,10
EMP-0070,2021-10-24,Engineering,Manager,M,50,101250.56,22218.6,123469.16,3.2,4.5,No,3.1,50,1
EMP-0071,2023-07-17,Engineering,Mid,F,50,92715.78,7059.24,99775.02,1.5,4.3,No,1.7,37,19
EMP-0072,2015-12-17,Marketing,Lead,M,27,139783.78,3954.89,143738.67,9,4.1,Yes,1.5,52,10
EMP-0073,2022-01-06,Product,Manager,F,51,48076.05,3895.06,51971.11,3,3.6,No,3.9,15,2
EMP-0074,2016-12-15,HR,Junior,Non-binary,46,140396.71,34228.42,174625.13,8,3.4,No,2.5,48,1
EMP-0075,2017-06-19,Marketing,Mid,F,33,146527.74,1879.6,148407.34,7.5,2.2,No,2.2,23,3
EMP-0076,2017-04-01,Operations,Junior,M,53,159034.6,21608.87,180643.47,7.8,1,No,2,75,15
EMP-0077,2022-07-15,Sales,Manager,Non-binary,22,70483.41,9644.63,80128.04,2.5,3.5,Yes,4.3,26,1
EMP-0078,2017-03-02,HR,Junior,F,24,131714.5,27594.66,159309.16,7.8,2.2,No,1.2,53,5
EMP-0079,2017-11-10,Marketing,Lead,Non-binary,45,170064.57,3959.37,174023.94,7.1,2.2,No,4.6,8,13
EMP-0080,2023-02-10,Product,Mid,M,39,82735.24,8558.09,91293.33,1.9,1.8,No,3.4,13,18
EMP-0081,2023-02-16,Operations,Lead,Non-binary,42,72650.71,10446.13,83096.84,1.9,3.5,No,3.5,63,16
EMP-0082,2022-08-26,Marketing,Manager,F,40,176992.36,69.95,177062.31,2.4,1.1,No,3.9,26,19
EMP-0083,2021-07-02,HR,Senior,Non-binary,35,36638.1,1842.78,38480.88,3.5,2.1,No,2.2,64,17
EMP-0084,2020-01-04,HR,Senior,M,58,124319.03,904.96,125223.99,5,1.7,No,4.3,61,15
EMP-0085,2015-11-05,Product,Mid,M,56,164909.65,19066.44,183976.09,9.2,4.3,No,4.3,38,18
EMP-0086,2020-09-18,Engineering,Mid,Non-binary,43,150932.62,33508.15,184440.77,4.3,2.4,No,2.1,3,10
EMP-0087,2021-11-18,Marketing,Manager,Non-binary,46,62169.94,1816.06,63986,3.1,4.1,No,3.8,40,1
EMP-0088,2019-07-03,Product,Mid,F,50,155271.33,11747.39,167018.72,5.5,3.1,No,1.4,4,6
EMP-0089,2016-08-17,Engineering,Lead,Non-binary,31,62580.69,14450.46,77031.15,8.4,3.9,Yes,2.2,41,4
EMP-0090,2016-09-22,Marketing,Mid,M,51,91200.29,19717.74,110918.03,8.3,1.5,No,4.7,76,2
EMP-0091,2020-08-02,Sales,Manager,F,23,118746.18,9266.44,128012.62,4.4,4.6,No,1.8,36,8
EMP-0092,2023-06-25,Product,Director,M,39,56651.5,3875.49,60526.99,1.5,1.1,Yes,3.2,13,6
EMP-0093,2023-06-18,HR,Senior,F,40,118242.03,5062.98,123305.01,1.5,2.2,No,3.2,6,4
EMP-0094,2015-08-22,Engineering,Junior,M,25,47487.34,4652.77,52140.11,9.4,3.8,Yes,3.5,57,19
EMP-0095,2020-05-11,Finance,Director,Non-binary,27,176183.87,33287.43,209471.3,4.6,2.9,No,1.4,59,3
EMP-0096,2022-05-22,Product,Lead,F,36,55839.64,12503.9,68343.54,2.6,2,No,2.6,42,10
EMP-0097,2022-08-01,Sales,Lead,M,44,104404.55,22075.46,126480.01,2.4,2.1,No,3.4,16,16
EMP-0098,2016-07-27,Sales,Senior,Non-binary,26,149902.49,19964.97,169867.46,8.4,2.6,No,2,31,17
EMP-0099,2017-08-13,Sales,Senior,F,49,148725.53,16187.05,164912.58,7.4,4.1,Yes,3.8,22,2
EMP-0100,2022-02-19,Product,Senior,Non-binary,28,154193.34,6791.21,160984.55,2.9,4.8,No,3.4,76,12
EMP-0101,2020-08-21,Engineering,Junior,F,30,163652.92,36955.12,200608.04,4.4,3.5,No,4,19,14
EMP-0102,2023-05-13,Product,Mid,F,42,78461.62,15581.43,94043.05,1.6,3.7,No,3.9,44,2
EMP-0103,2015-10-17,Legal,Mid,F,25,88537.32,12149.2,100686.52,9.2,1.2,Yes,4.3,45,3
EMP-0104,2019-01-08,Legal,Director,Non-binary,47,125656.07,22359.67,148015.74,6,2.6,No,3.2,22,15
EMP-0105,2017-04-18,Legal,Senior,M,31,76828.28,16762.7,93590.98,7.7,1.5,No,1.3,2,4
EMP-0106,2022-11-14,Marketing,Junior,F,48,159722.15,35681.23,195403.38,2.1,3.8,No,3.5,58,16
EMP-0107,2021-09-27,Product,Lead,F,36,61939.7,9361.77,71301.47,3.3,3.3,No,3.8,34,13
EMP-0108,2023-10-12,Engineering,Junior,Non-binary,52,137207.97,3881.76,141089.73,1.2,2.9,No,1.6,67,8
EMP-0109,2022-09-03,Sales,Mid,M,26,134190.73,18088.82,152279.55,2.3,3.3,Yes,1.2,43,17
EMP-0110,2015-08-15,Product,Manager,F,48,86172.61,21064.04,107236.65,9.4,2.2,No,1.1,76,9
EMP-0111,2019-01-21,Product,Manager,F,58,42484.88,10518.88,53003.76,5.9,4.2,Yes,1.1,62,2
EMP-0112,2017-09-03,Operations,Senior,F,39,74906.48,4811.91,79718.39,7.3,4,Yes,1.7,75,4
EMP-0113,2022-06-26,Marketing,Senior,F,53,61217.33,8071.33,69288.66,2.5,1.1,No,4.9,76,4
EMP-0114,2022-07-25,Legal,Mid,M,32,65574.23,12038.79,77613.02,2.4,2.4,No,4,14,1
EMP-0115,2017-08-13,Product,Senior,M,56,68880.89,11770.19,80651.08,7.4,2.6,No,1.6,55,0
EMP-0116,2019-08-13,HR,Manager,M,28,168068.26,26782.69,194850.95,5.4,4.8,No,3.4,34,10
EMP-0117,2019-05-26,Sales,Senior,Non-binary,47,101860.75,17196.41,119057.16,5.6,2,Yes,4.1,66,10
EMP-0118,2017-06-18,Engineering,Director,M,26,36734.4,897.23,37631.63,7.5,1.4,No,2.4,36,8
EMP-0119,2018-01-01,Sales,Junior,Non-binary,35,172820.9,27568.51,200389.41,7,3.8,No,1.3,77,4
EMP-0120,2021-11-25,Marketing,Junior,F,38,77712.45,12831.84,90544.29,3.1,1.3,No,4.7,35,13
EMP-0121,2020-05-06,Sales,Senior,M,46,91345.61,22744.11,114089.72,4.7,2,No,1.7,8,15
EMP-0122,2018-10-13,Marketing,Director,M,28,55861.53,10735.29,66596.82,6.2,1.9,No,4.7,33,3
EMP-0123,2015-02-03,Operations,Lead,M,53,56583.87,9058.16,65642.03,9.9,4.7,No,2.1,42,12
EMP-0124,2015-09-23,Product,Lead,M,47,157387.13,30727.36,188114.49,9.3,4.1,Yes,1.9,49,15
EMP-0125,2016-10-18,HR,Senior,F,47,43003.23,10718.72,53721.95,8.2,3.6,No,3.1,43,2
EMP-0126,2022-05-21,Finance,Mid,Non-binary,24,175289.38,28954.92,204244.3,2.6,2.2,No,4.6,80,11
EMP-0127,2022-02-21,Product,Director,F,30,40176.25,254.76,40431.01,2.9,5,No,3,8,17
EMP-0128,2019-08-18,Product,Junior,M,43,43127.9,8493.81,51621.71,5.4,1.2,No,1.8,66,14
EMP-0129,2023-03-24,Finance,Junior,M,31,105889.73,504.64,106394.37,1.8,4.6,Yes,1.2,16,0
EMP-0130,2017-11-02,Operations,Junior,M,32,156126.06,2496.36,158622.42,7.2,4.3,No,3,78,7
EMP-0131,2016-04-14,HR,Director,M,42,52516.35,8981.46,61497.81,8.7,3.2,No,4.3,27,1
EMP-0132,2017-06-03,Sales,Senior,F,48,59367.37,5490.4,64857.77,7.6,1.7,No,4.7,5,4
EMP-0133,2016-11-20,Legal,Mid,M,53,46704.78,84.35,46789.13,8.1,4.7,Yes,4.5,53,15
EMP-0134,2017-04-05,Operations,Manager,M,48,69691.8,3041.16,72732.96,7.7,3.8,Yes,1.7,63,19
EMP-0135,2016-11-27,Operations,Senior,M,22,115868.01,5558.85,121426.86,8.1,4.9,No,3.5,69,16
EMP-0136,2018-08-25,Finance,Senior,M,34,51338.47,1915.15,53253.62,6.4,4.4,No,3,20,1
EMP-0137,2015-11-12,Operations,Mid,M,38,83472.72,16802.09,100274.81,9.1,4,No,1.4,6,17
EMP-0138,2017-03-26,Engineering,Lead,Non-binary,29,45274.63,2663.28,47937.91,7.8,2.8,Yes,2.3,25,10
EMP-0139,2018-02-11,Finance,Junior,F,48,161133.51,15127.71,176261.22,6.9,1.9,No,3.3,6,13
EMP-0140,2017-04-20,Product,Mid,M,45,54778.67,9857.71,64636.38,7.7,3.5,No,1.8,16,1
EMP-0141,2015-05-05,Sales,Lead,M,48,59824.19,5138.54,64962.73,9.7,4.5,Yes,1.6,78,5
EMP-0142,2023-04-03,Legal,Manager,M,35,120779.23,25272.72,146051.95,1.7,2.1,No,3.9,31,7
EMP-0143,2020-07-19,Finance,Manager,F,58,165246.51,17258.84,182505.35,4.5,1.2,No,3.9,64,1
EMP-0144,2021-09-13,Product,Director,M,50,106816.33,2218.88,109035.21,3.3,4,No,4.8,16,11
EMP-0145,2019-04-21,Sales,Junior,M,41,58461.41,6712.58,65173.99,5.7,3.3,Yes,1.1,58,14
EMP-0146,2017-12-13,Marketing,Senior,M,22,159755.48,2823.62,162579.1,7.1,4.6,No,3.1,37,13
EMP-0147,2019-12-20,Finance,Director,M,43,141685.31,1941.5,143626.81,5,4.8,No,4.6,14,12
EMP-0148,2020-08-20,Engineering,Senior,F,33,128985.04,22729.54,151714.58,4.4,3.2,No,1.6,42,7
EMP-0149,2023-02-21,Product,Director,Non-binary,35,144210.16,27431.87,171642.03,1.9,2.3,No,3,54,8
EMP-0150,2015-02-12,HR,Lead,M,54,111368.98,3416.51,114785.49,9.9,3.8,Yes,4.6,57,19
EMP-0151,2020-11-23,Sales,Mid,M,27,46624.71,10466.62,57091.33,4.1,2.2,No,1.4,35,3
EMP-0152,2017-08-05,Finance,Manager,M,40,95397.82,16274.95,111672.77,7.4,4.7,No,2.4,56,20
EMP-0153,2015-05-07,Sales,Junior,F,55,128477.44,13223.27,141700.71,9.7,2.4,No,2.9,67,17
EMP-0154,2022-08-10,Marketing,Senior,F,38,67883.38,6311.5,74194.88,2.4,2.2,No,1.6,36,14
EMP-0155,2017-10-06,Operations,Mid,F,31,58381.93,1706.46,60088.39,7.2,5,Yes,1.5,33,11
EMP-0156,2017-04-18,Engineering,Director,F,44,56451.91,6328.67,62780.58,7.7,4.9,Yes,2.2,3,12
EMP-0157,2022-03-15,HR,Mid,M,56,176462.15,14614.62,191076.77,2.8,3.8,No,4.6,73,4
EMP-0158,2022-06-23,Sales,Director,M,24,55216.38,7605.5,62821.88,2.5,2.2,No,3.5,28,14
EMP-0159,2020-02-11,Engineering,Manager,F,55,67210.86,15721.71,82932.57,4.9,2.1,No,1.3,57,2
EMP-0160,2023-07-07,Product,Senior,Non-binary,54,171793.31,39016.28,210809.59,1.5,2.4,No,3.9,54,11
EMP-0161,2021-06-01,Operations,Senior,F,41,176740.93,38631.23,215372.16,3.6,1.4,No,4,53,14
EMP-0162,2019-03-26,Legal,Director,M,30,156149.17,23341.79,179490.96,5.8,1.6,No,2.9,67,10
EMP-0163,2016-10-25,Legal,Junior,M,48,127626.87,8721.03,136347.9,8.2,1.7,No,3.8,17,6
EMP-0164,2017-07-10,Product,Junior,F,41,106644.57,19725.41,126369.98,7.5,1.9,No,1.6,38,20
EMP-0165,2022-02-21,Operations,Lead,F,53,166485.01,26836.79,193321.8,2.9,1.1,No,3,8,19
EMP-0166,2020-10-16,Legal,Senior,M,29,89114.32,16329.25,105443.57,4.2,1.1,No,1.7,7,4
EMP-0167,2020-08-23,Marketing,Senior,F,25,74537.2,7817.35,82354.55,4.4,4.6,No,1.2,37,16
EMP-0168,2016-09-07,Marketing,Junior,Non-binary,32,113838.29,24829.36,138667.65,8.3,4.3,No,2.1,46,3
EMP-0169,2023-10-12,Marketing,Junior,F,55,75805.58,14759.5,90565.08,1.2,2.6,No,1.4,19,16
EMP-0170,2018-04-26,Sales,Lead,M,26,51902.02,1702.8,53604.82,6.7,1.1,No,2.2,46,4
EMP-0171,2022-10-17,HR,Mid,F,23,142946.73,4238.26,147184.99,2.2,1.5,No,3.8,39,4
EMP-0172,2018-03-03,Legal,Director,M,26,37726.93,4567.36,42294.29,6.8,2.7,No,1.4,65,18
EMP-0173,2015-08-04,Operations,Junior,M,41,131800.03,24862.44,156662.47,9.4,4.1,Yes,1.8,25,5
EMP-0174,2020-01-03,Marketing,Director,F,44,86069.47,18400.32,104469.79,5,4.1,Yes,2,72,2
EMP-0175,2016-10-25,Engineering,Manager,F,34,174818.25,7507.28,182325.53,8.2,4,No,4.9,12,6
EMP-0176,2023-12-16,HR,Director,Non-binary,33,98751.55,23644.77,122396.32,1,1.7,No,4.9,54,6
EMP-0177,2023-04-14,Sales,Senior,M,51,50995.84,1732.74,52728.58,1.7,4,No,3.2,5,2
EMP-0178,2020-08-04,Legal,Senior,M,41,134621.75,28307.26,162929.01,4.4,1.9,No,2.2,54,6
EMP-0179,2016-08-22,HR,Mid,M,53,132453.84,13125.17,145579.01,8.4,3.1,No,1.5,50,12
EMP-0180,2016-12-06,Sales,Senior,F,43,64038.21,13512.53,77550.74,8.1,2.6,No,4.4,63,8
EMP-0181,2019-11-13,HR,Lead,Non-binary,47,178190.86,22782.35,200973.21,5.1,1.6,No,1.4,32,15
EMP-0182,2022-04-21,Marketing,Junior,M,25,155395.31,19351.96,174747.27,2.7,1.1,No,2.5,41,4
EMP-0183,2019-10-20,Sales,Junior,Non-binary,53,149946.06,7569.72,157515.78,5.2,3.6,No,3,69,10
EMP-0184,2023-09-01,Engineering,Lead,M,46,100266.75,21378.73,121645.48,1.3,2.8,No,1.1,71,9
EMP-0185,2017-08-14,Marketing,Senior,M,53,145781.62,20732.16,166513.78,7.4,3,Yes,3.7,73,15
EMP-0186,2022-09-28,Marketing,Manager,M,47,73191.69,10814.9,84006.59,2.3,2.5,No,4.1,36,10
EMP-0187,2015-01-19,Engineering,Mid,F,44,152385.25,22246.99,174632.24,10,4.1,No,2.5,54,11
EMP-0188,2020-07-12,Engineering,Director,F,37,69020.2,5385.29,74405.49,4.5,1.3,No,4.5,14,10
EMP-0189,2017-01-18,HR,Junior,M,49,117367.16,26448.98,143816.14,8,2.1,No,3.4,40,12
EMP-0190,2021-06-19,Sales,Lead,M,35,83715.28,10522.35,94237.63,3.5,4.1,No,1.7,38,11
EMP-0191,2021-04-16,Sales,Manager,F,40,73447.49,5459.36,78906.85,3.7,3.3,No,3.5,11,18
EMP-0192,2016-10-11,Operations,Junior,Non-binary,55,103913.91,5448.7,109362.61,8.2,4.2,No,3,38,13
EMP-0193,2023-06-07,Legal,Lead,F,54,100718.15,19223.12,119941.27,1.6,1.7,No,3.5,66,5
EMP-0194,2022-04-22,Product,Senior,Non-binary,49,170522.21,30976,201498.21,2.7,1.2,No,2.5,18,7
EMP-0195,2017-12-22,Operations,Lead,M,42,159726.96,36383.32,196110.28,7,3.5,No,2.1,36,20
EMP-0196,2017-05-22,Finance,Lead,F,29,56744.53,393.02,57137.55,7.6,4.2,No,2.9,71,13
EMP-0197,2021-11-02,Finance,Mid,F,30,39225.57,7743.81,46969.38,3.2,2.1,Yes,1.7,5,15
EMP-0198,2015-01-28,Sales,Senior,Non-binary,41,160739.91,36189.58,196929.49,9.9,2.6,No,3.7,11,12
EMP-0199,2017-04-04,Sales,Manager,Non-binary,55,71512.17,15814.29,87326.46,7.7,2,No,4.1,40,10
EMP-0200,2021-12-24,Finance,Lead,F,31,50488.03,2702.48,53190.51,3,2.1,No,2,75,1
EMP-0201,2022-09-12,Sales,Senior,Non-binary,49,103853.85,6396.01,110249.86,2.3,2.1,No,2.5,47,9
EMP-0202,2015-11-20,Engineering,Director,M,37,71682.52,6893.89,78576.41,9.1,3.6,No,4.6,15,17
EMP-0203,2018-08-13,Engineering,Lead,F,41,48086.3,9890.24,57976.54,6.4,1.9,No,4.4,20,14
EMP-0204,2020-11-14,Engineering,Senior,M,53,103308.24,10665.58,113973.82,4.1,4.4,No,4.5,12,5
EMP-0205,2019-09-03,HR,Lead,Non-binary,57,141978.9,16088.4,158067.3,5.3,1.1,No,3.6,23,20
EMP-0206,2022-11-05,Engineering,Lead,F,41,80489.66,1654.71,82144.37,2.2,1.6,Yes,3.9,16,19
EMP-0207,2021-06-15,Product,Director,F,38,60154.46,8918.21,69072.67,3.5,2.3,No,1.8,53,11
EMP-0208,2017-07-13,Finance,Junior,M,57,128830.47,20182.17,149012.64,7.5,4.6,No,1.8,21,1
EMP-0209,2021-10-14,Operations,Mid,M,45,59667.82,8461.54,68129.36,3.2,1.1,Yes,2.7,58,15
EMP-0210,2016-04-23,Finance,Mid,F,40,143234.24,13681.5,156915.74,8.7,2.7,No,3.4,36,6
EMP-0211,2021-03-14,Marketing,Junior,F,38,69145.42,7795.74,76941.16,3.8,2,Yes,3.7,58,2
EMP-0212,2015-08-05,HR,Director,M,35,138433.71,24518.45,162952.16,9.4,3.9,No,1.3,71,1
EMP-0213,2015-06-08,Product,Senior,Non-binary,24,35777.34,4512.79,40290.13,9.6,2.5,No,3.7,16,17
EMP-0214,2015-10-06,Operations,Mid,Non-binary,53,169897.41,37288.1,207185.51,9.2,1.5,No,3.8,55,4
EMP-0215,2019-02-11,Engineering,Mid,M,39,143434.39,33213.56,176647.95,5.9,2.1,No,3.5,33,16
EMP-0216,2020-07-06,HR,Director,M,31,115572.83,26664.18,142237.01,4.5,3.5,No,1.2,19,1
EMP-0217,2018-03-02,Product,Senior,F,51,98282.33,24452.69,122735.02,6.8,4.7,No,2.8,71,15
EMP-0218,2022-08-04,Marketing,Junior,F,27,64541.39,4584.32,69125.71,2.4,4.3,Yes,4.3,72,18
EMP-0219,2018-10-01,Marketing,Lead,M,37,146396.75,24774.3,171171.05,6.3,4.5,No,2.1,15,12
EMP-0220,2020-10-04,HR,Mid,M,27,101733.81,17999.42,119733.23,4.2,2.9,No,3.4,0,10
EMP-0221,2015-11-20,Product,Senior,Non-binary,30,65648.19,798.98,66447.17,9.1,3.6,No,4.2,9,17
EMP-0222,2021-02-13,Operations,Mid,F,47,47932.3,10213.72,58146.02,3.9,1.7,No,2.1,19,3
EMP-0223,2019-08-26,Legal,Director,F,30,87061.42,2091.9,89153.32,5.4,2.5,No,3,49,15
EMP-0224,2019-10-20,Legal,Junior,M,45,124010.83,13458.46,137469.29,5.2,2.7,No,3.1,59,7
EMP-0225,2017-08-17,Sales,Senior,M,49,46481.55,9314.26,55795.81,7.4,2.2,No,3.7,38,7
EMP-0226,2023-07-10,Engineering,Manager,M,24,109445.11,13972.08,123417.19,1.5,2.7,No,3.6,72,8
EMP-0227,2020-05-19,Sales,Manager,M,29,142374.84,16475.58,158850.42,4.6,4.1,No,1.2,53,9
EMP-0228,2020-10-24,Product,Director,M,38,84493.49,19393.62,103887.11,4.2,4.2,No,1.7,77,8
EMP-0229,2016-07-18,Engineering,Junior,M,29,36929.17,6054.55,42983.72,8.5,2.8,No,4.5,77,15
EMP-0230,2019-10-27,HR,Director,M,41,47707.09,1611.47,49318.56,5.2,1.8,No,3.8,24,0
EMP-0231,2018-08-21,Marketing,Director,F,49,157103.01,33706.03,190809.04,6.4,3.2,No,2.2,59,4
EMP-0232,2022-07-01,Sales,Mid,F,50,174760.7,20599.45,195360.15,2.5,4.4,Yes,2,37,18
EMP-0233,2021-01-11,Engineering,Junior,M,48,158049.36,29123.69,187173.05,4,3.4,Yes,5,4,15
EMP-0234,2021-08-17,Product,Mid,M,55,37757.85,5440.94,43198.79,3.4,3.2,No,4.6,53,15
EMP-0235,2016-08-20,HR,Lead,M,23,58393.35,10601.45,68994.8,8.4,2.9,No,1.9,28,18
EMP-0236,2020-10-28,Product,Mid,F,46,174171.49,36274.73,210446.22,4.2,3.7,No,4.2,20,19
EMP-0237,2018-05-23,Sales,Director,M,30,60127.21,2349.68,62476.89,6.6,3,No,4.8,63,9
EMP-0238,2018-04-18,Engineering,Junior,F,38,86771.36,3440.6,90211.96,6.7,4.3,Yes,1.1,8,10
EMP-0239,2021-02-20,Finance,Junior,Non-binary,36,105522.97,26213.56,131736.53,3.9,4.1,No,4.1,71,8
EMP-0240,2017-12-28,Sales,Director,M,50,150853.1,36304.58,187157.68,7,4,No,4.1,78,3
EMP-0241,2023-01-17,Sales,Mid,M,35,167092.94,6559.76,173652.7,2,2.2,No,4,63,3
EMP-0242,2017-11-12,HR,Mid,M,34,98670.73,10255.59,108926.32,7.1,4.1,No,4.3,60,10
EMP-0243,2019-09-06,Sales,Senior,F,48,87293.29,14512.41,101805.7,5.3,1.6,Yes,2.7,29,4
EMP-0244,2021-07-14,Product,Manager,F,23,99173.91,19094.74,118268.65,3.5,3.9,Yes,4.8,10,10
EMP-0245,2020-07-25,Marketing,Lead,M,47,145082.9,23945.07,169027.97,4.4,3.6,Yes,1.2,80,16
EMP-0246,2019-07-13,Operations,Director,F,44,36145.82,2528.23,38674.05,5.5,3.1,No,3.8,57,20
EMP-0247,2018-09-20,Product,Director,F,47,147433.05,32471.2,179904.25,6.3,1.3,Yes,2.3,16,16
EMP-0248,2023-05-07,Sales,Manager,Non-binary,41,110593.7,20931.14,131524.84,1.7,1.6,No,4.6,69,18
EMP-0249,2019-04-27,Operations,Director,M,54,51014.08,764.52,51778.6,5.7,2.5,Yes,2.4,6,20
EMP-0250,2016-08-10,Engineering,Lead,F,37,151781.2,37527.9,189309.1,8.4,3.3,Yes,4.4,29,11
EMP-0251,2019-05-22,Marketing,Director,M,55,141939.29,3733.96,145673.25,5.6,3.1,No,4.3,46,14
EMP-0252,2016-03-23,Legal,Lead,M,27,44018.08,9777.62,53795.7,8.8,2.9,No,1.3,67,12
EMP-0253,2023-09-25,Legal,Senior,Non-binary,53,127286.87,31710.72,158997.59,1.3,3.8,No,3.9,53,5
EMP-0254,2017-09-05,Product,Director,M,30,175364.61,22498.64,197863.25,7.3,3.1,No,2.8,4,5
EMP-0255,2023-06-04,Legal,Junior,M,45,117905.89,1187.38,119093.27,1.6,1.6,No,2.2,47,9
EMP-0256,2019-08-01,Marketing,Mid,Non-binary,48,42054.4,9401.82,51456.22,5.4,4.6,No,1.7,62,0
EMP-0257,2016-09-12,Sales,Junior,M,52,118093.57,16703.27,134796.84,8.3,4.6,No,2.9,77,4
EMP-0258,2017-09-21,Product,Lead,M,31,160620.11,13059.07,173679.18,7.3,4.2,Yes,2.6,29,12
EMP-0259,2020-09-02,Product,Director,F,27,160563.27,28387.93,188951.2,4.3,3.3,No,3.2,15,20
EMP-0260,2023-02-07,Engineering,Manager,Non-binary,34,143830.99,18073.76,161904.75,1.9,1.1,Yes,1.7,2,8
EMP-0261,2018-04-27,Product,Junior,Non-binary,42,93260.69,1048.8,94309.49,6.7,4.4,No,2.4,23,13
EMP-0262,2015-09-11,Legal,Senior,M,29,177068.99,23983.08,201052.07,9.3,2.1,No,2,11,4
EMP-0263,2019-07-22,Marketing,Junior,Non-binary,42,61311.39,10933.36,72244.75,5.4,2.2,No,2.3,52,10
EMP-0264,2019-07-27,Sales,Junior,F,37,144059.39,21105.75,165165.14,5.4,3,Yes,2.5,14,8
EMP-0265,2015-06-15,Legal,Junior,M,23,94086.6,5497.96,99584.56,9.6,4.5,No,3.2,75,3
EMP-0266,2018-09-21,Marketing,Senior,Non-binary,48,99667.43,21086.58,120754.01,6.3,3,No,2.5,21,7
EMP-0267,2023-07-18,Product,Junior,M,51,174361.59,27057.86,201419.45,1.5,3.6,No,1,61,8
EMP-0268,2019-11-13,HR,Director,F,54,75790.14,3058.44,78848.58,5.1,3.1,No,2.2,50,3
EMP-0269,2017-12-18,Operations,Lead,F,54,173825.49,13832.33,187657.82,7,3.7,No,3.5,57,8
EMP-0270,2018-11-11,HR,Mid,M,43,37301.82,6451.77,43753.59,6.1,3.6,No,3.4,0,0
EMP-0271,2017-07-18,Product,Lead,Non-binary,27,149159.26,24204.72,173363.98,7.5,1.3,No,4.6,56,3
EMP-0272,2020-07-27,HR,Lead,F,22,53090.76,4917.27,58008.03,4.4,1.8,No,1.9,2,8
EMP-0273,2020-04-03,Operations,Director,F,36,177117.27,42831.23,219948.5,4.7,1.1,No,4.6,77,6
EMP-0274,2015-04-27,Legal,Junior,F,58,107547.22,4583.58,112130.8,9.7,1.8,Yes,3.7,77,18
EMP-0275,2017-02-19,Marketing,Director,M,30,72645.55,10350.23,82995.78,7.9,1.9,Yes,3.9,35,6
EMP-0276,2015-12-22,Operations,Director,Non-binary,51,35283.47,3767.52,39050.99,9,3.7,No,4.4,41,13
EMP-0277,2021-05-04,Product,Lead,F,55,145058.15,32050.69,177108.84,3.7,1.9,No,4.7,68,14
EMP-0278,2020-01-13,Finance,Senior,M,58,152112.57,37657.93,189770.5,5,1.9,No,4.8,31,6
EMP-0279,2017-06-10,Sales,Director,M,23,104595.13,21129.76,125724.89,7.6,3.4,No,4.4,31,3
EMP-0280,2022-04-11,Engineering,Senior,Non-binary,37,171814.4,33321.23,205135.63,2.7,3.5,No,3.5,74,3
EMP-0281,2016-01-02,Legal,Senior,M,30,43990.32,8824.32,52814.64,9,1.2,Yes,3.5,8,3
EMP-0282,2015-09-02,Operations,Lead,M,28,124508.79,12796.64,137305.43,9.3,4.5,Yes,1,49,14
EMP-0283,2021-10-20,Sales,Senior,M,51,109995.87,16164.26,126160.13,3.2,1.4,No,3.4,8,18
EMP-0284,2018-10-05,Operations,Senior,M,52,140070.34,15569.67,155640.01,6.2,2,No,1.2,39,18
EMP-0285,2021-09-21,HR,Senior,Non-binary,56,147446.87,5433.75,152880.62,3.3,2.2,No,2.2,1,16
EMP-0286,2017-01-08,Engineering,Lead,F,34,176594.06,28279.54,204873.6,8,1.8,No,2.4,60,14
EMP-0287,2020-10-19,HR,Manager,F,48,82649.76,2166.41,84816.17,4.2,4.5,No,3,0,20
EMP-0288,2018-12-08,Product,Manager,F,37,104708.2,20113.09,124821.29,6.1,4.3,No,1.8,23,0
EMP-0289,2020-01-03,HR,Junior,Non-binary,29,55648.29,6126.99,61775.28,5,3.5,No,1.2,3,6
EMP-0290,2018-05-06,Finance,Senior,F,43,157892.46,9708.98,167601.44,6.7,1.8,No,4.4,12,0
EMP-0291,2017-07-21,Sales,Senior,F,41,101149.53,9347.24,110496.77,7.5,2.5,No,4.8,79,13
EMP-0292,2016-02-05,Marketing,Mid,F,56,89838.35,8405.62,98243.97,8.9,3.4,No,4.7,78,18
EMP-0293,2018-09-10,Marketing,Senior,F,25,126271.58,8841.32,135112.9,6.3,1.5,Yes,4.9,62,6
EMP-0294,2016-08-26,Sales,Mid,Non-binary,46,143939.67,23212.85,167152.52,8.4,3,No,3.1,22,10
EMP-0295,2020-09-23,Product,Director,M,52,73908.64,7408.34,81316.98,4.3,4.7,Yes,3.6,26,7
EMP-0296,2018-08-28,Finance,Lead,F,41,96628.31,9109.22,105737.53,6.3,1.6,No,2,10,4
EMP-0297,2016-05-15,HR,Mid,Non-binary,24,102461.7,15910.4,118372.1,8.6,2.7,No,2.7,47,15
EMP-0298,2020-05-13,Engineering,Mid,M,36,73515.61,1394.75,74910.36,4.6,4.6,No,4.4,65,17
EMP-0299,2016-05-08,Sales,Junior,M,45,40550.8,2030.65,42581.45,8.7,1.8,No,2,35,6
EMP-0300,2017-12-24,Operations,Junior,F,40,154234.78,30196.4,184431.18,7,2.6,No,4.3,1,15
EMP-0301,2023-03-28,Legal,Mid,F,35,103793.55,13384.84,117178.39,1.8,4.1,No,3.9,59,10
EMP-0302,2016-06-28,Finance,Lead,M,35,98608.72,21026.93,119635.65,8.5,1.1,No,3.3,16,9
EMP-0303,2015-08-26,HR,Senior,F,48,96729.31,18200.25,114929.56,9.4,4.1,Yes,2.2,75,0
EMP-0304,2015-03-05,HR,Manager,Non-binary,58,160706.99,39380.13,200087.12,9.8,1.8,No,1.3,49,6
EMP-0305,2022-02-11,Product,Director,F,27,59856.43,10099.06,69955.49,2.9,1.7,Yes,3,23,6
EMP-0306,2016-07-10,Finance,Mid,F,55,45147.02,648.46,45795.48,8.5,3.1,No,2.3,52,12
EMP-0307,2017-02-05,Legal,Lead,M,46,173489.03,37547.34,211036.37,7.9,1.5,No,2.2,60,5
EMP-0308,2019-10-07,Product,Senior,F,22,178707.34,19913.88,198621.22,5.2,4.3,Yes,4.2,67,10
EMP-0309,2022-08-15,Engineering,Director,M,40,128713.37,29568.55,158281.92,2.4,2.4,No,2.6,22,13
EMP-0310,2018-03-20,Legal,Lead,M,33,136285.7,3254.99,139540.69,6.8,3.8,No,2,20,8
EMP-0311,2023-05-22,Sales,Director,F,53,94635.33,18024.74,112660.07,1.6,1.5,No,1.3,13,16
EMP-0312,2020-07-15,Marketing,Senior,F,54,41472.1,277.01,41749.11,4.5,3.6,No,2.5,51,6
EMP-0313,2021-01-01,Operations,Junior,F,42,132192.86,15342.49,147535.35,4,2.8,No,3.2,31,14
EMP-0314,2017-08-27,Operations,Mid,F,23,123013.34,5450.62,128463.96,7.4,1.5,No,1.7,1,8
EMP-0315,2017-08-12,Marketing,Mid,M,56,66344.14,11556.19,77900.33,7.4,4.3,Yes,3.6,13,12
EMP-0316,2019-08-02,Engineering,Junior,M,34,169678.98,15892.33,185571.31,5.4,2,No,1.1,3,0
EMP-0317,2020-04-22,Sales,Mid,M,32,139981.67,1540.24,141521.91,4.7,3.1,No,2.3,80,6
EMP-0318,2018-09-13,Legal,Junior,F,35,50353.37,4070.66,54424.03,6.3,1.1,No,1,27,14
EMP-0319,2018-02-22,Operations,Director,Non-binary,45,41371.15,9158.13,50529.28,6.9,2.6,Yes,3,13,17
EMP-0320,2017-05-04,HR,Director,M,30,83146.75,13206.89,96353.64,7.7,4.5,No,4.9,61,2
EMP-0321,2020-01-20,Product,Lead,Non-binary,36,107995.91,19024.27,127020.18,5,1.1,No,3.5,15,9
EMP-0322,2018-12-14,Finance,Manager,M,25,54945.55,6850.7,61796.25,6.1,1.8,No,1.8,4,7
EMP-0323,2022-12-11,Marketing,Senior,F,24,110526.56,27011.79,137538.35,2.1,3.6,No,4,29,10
EMP-0324,2020-04-07,Engineering,Director,F,36,123169.16,11746.83,134915.99,4.7,2.3,No,3.5,8,15
EMP-0325,2016-04-02,Marketing,Mid,F,27,60182.99,8257.81,68440.8,8.8,4.2,No,1.9,10,13
EMP-0326,2022-05-06,Finance,Mid,M,33,122848.43,9308.86,132157.29,2.7,3.3,No,2.1,61,2
EMP-0327,2020-07-13,Marketing,Lead,M,49,108267.42,19892.19,128159.61,4.5,4,No,1.1,48,13
EMP-0328,2016-05-20,Marketing,Manager,F,38,90165.28,6894.2,97059.48,8.6,2.1,Yes,3.4,9,10
EMP-0329,2017-12-16,Finance,Mid,F,22,36860.97,4614.07,41475.04,7,3.9,No,2.6,53,12
EMP-0330,2020-07-16,Operations,Director,Non-binary,26,94274.2,915.09,95189.29,4.5,4.7,No,4.7,20,6
EMP-0331,2021-05-25,HR,Manager,M,45,135986.03,22128.54,158114.57,3.6,4.7,No,2,4,11
EMP-0332,2015-12-22,Marketing,Senior,Non-binary,51,171918.46,6333.79,178252.25,9,2,Yes,4.8,20,0
EMP-0333,2016-02-21,Legal,Lead,Non-binary,27,110187.87,5201.51,115389.38,8.9,2.7,No,2,38,16
EMP-0334,2023-11-13,Operations,Director,M,27,50844.74,7278.57,58123.31,1.1,4.2,No,2.1,26,12
EMP-0335,2019-01-06,Product,Junior,M,26,147192.83,15375.75,162568.58,6,2.7,No,3.9,21,5
EMP-0336,2020-03-23,Marketing,Mid,M,33,107878.99,2973.1,110852.09,4.8,3.3,No,1.7,7,5
EMP-0337,2018-05-28,Legal,Lead,Non-binary,28,160912.49,6682.94,167595.43,6.6,2.2,No,1.5,8,10
EMP-0338,2015-10-08,Product,Lead,M,22,43853.19,8242.19,52095.38,9.2,1,Yes,4.2,5,3
EMP-0339,2018-09-26,Engineering,Lead,Non-binary,55,178100.04,33899.74,211999.78,6.3,4.7,No,4,77,13
EMP-0340,2020-06-22,HR,Senior,F,45,131436.35,12435.05,143871.4,4.5,1.2,No,4.5,12,0
EMP-0341,2022-12-13,Marketing,Junior,Non-binary,29,161005.77,11248.97,172254.74,2.1,3.8,No,2.5,79,15
EMP-0342,2023-07-22,Finance,Junior,F,23,126897.71,27709.21,154606.92,1.4,4.9,No,3.7,29,19
EMP-0343,2022-07-24,Sales,Senior,M,52,178096.36,38161.6,216257.96,2.4,4.6,No,2.2,24,4
EMP-0344,2023-10-26,Engineering,Mid,M,27,78695.5,13241.74,91937.24,1.2,3.2,No,1.7,57,3
EMP-0345,2022-11-18,Finance,Mid,F,32,144221.62,23787.38,168009,2.1,1.4,No,5,3,5
EMP-0346,2020-07-25,Operations,Mid,F,52,172968.06,28998.15,201966.21,4.4,3.7,Yes,3.5,62,2
EMP-0347,2020-04-19,Sales,Director,F,46,166974.23,31014.12,197988.35,4.7,3.9,Yes,4.9,55,7
EMP-0348,2018-05-04,Operations,Junior,M,27,84334.49,12485.73,96820.22,6.7,1.8,No,3.3,16,10
EMP-0349,2021-10-24,Engineering,Senior,M,56,62529.36,6067.62,68596.98,3.2,2.7,No,4.2,16,16
EMP-0350,2018-02-13,Engineering,Manager,M,42,55981.61,13196.12,69177.73,6.9,4.3,No,3.7,18,19
EMP-0351,2019-03-24,Engineering,Manager,F,41,107844.81,18565.48,126410.29,5.8,2.1,Yes,2.9,27,15
EMP-0352,2019-12-13,Engineering,Senior,F,35,157970.14,36903.12,194873.26,5.1,1.9,No,4.7,22,15
EMP-0353,2021-05-27,Marketing,Junior,Non-binary,47,83924.47,14223.07,98147.54,3.6,5,No,2.6,67,9
EMP-0354,2019-12-07,Legal,Junior,F,42,144078.64,20905.22,164983.86,5.1,4.2,No,2.8,20,18
EMP-0355,2017-08-23,Product,Senior,F,35,66629.79,12466.14,79095.93,7.4,3.9,No,2.4,73,3
EMP-0356,2017-07-14,Marketing,Junior,M,44,176253.02,7915.21,184168.23,7.5,1.2,Yes,3.6,75,13
EMP-0357,2017-11-24,Legal,Mid,M,29,69924.04,8541.67,78465.71,7.1,3.8,No,3.6,48,2
EMP-0358,2022-11-13,Operations,Director,M,45,36682.35,1069.54,37751.89,2.1,1.5,Yes,1.9,75,18
EMP-0359,2022-05-23,Sales,Manager,F,46,105207.76,16954.14,122161.9,2.6,2.7,Yes,1.5,41,2
EMP-0360,2023-03-13,Engineering,Lead,Non-binary,56,148603.81,19693.26,168297.07,1.8,1.3,Yes,3.2,15,6
EMP-0361,2016-03-28,Marketing,Junior,Non-binary,50,151074.38,4647.25,155721.63,8.8,1.5,No,3.6,11,17
EMP-0362,2019-01-03,Sales,Manager,F,45,175110.04,7512.36,182622.4,6,4.9,No,2,5,16
EMP-0363,2019-11-18,Product,Mid,Non-binary,53,135789.72,17743.18,153532.9,5.1,4.9,No,3.4,65,6
EMP-0364,2016-11-27,Engineering,Mid,M,34,55541.76,11887.12,67428.88,8.1,1.9,No,3.4,27,18
EMP-0365,2020-05-05,Legal,Junior,Non-binary,38,72797.79,11825.44,84623.23,4.7,1.7,No,1.3,32,13
EMP-0366,2017-09-07,Sales,Director,F,34,138594.52,19529.43,158123.95,7.3,3.6,Yes,3.4,53,4
EMP-0367,2020-07-13,Engineering,Manager,F,26,74168.16,9854.54,84022.7,4.5,3.7,No,1.3,11,11
EMP-0368,2020-05-05,Finance,Senior,M,28,89687.62,21721.75,111409.37,4.7,2.5,No,4.1,15,5
EMP-0369,2023-12-10,Product,Junior,Non-binary,44,136566.05,29546.01,166112.06,1.1,3.2,Yes,1.4,6,5
EMP-0370,2020-07-06,HR,Director,Non-binary,57,121219.46,25747.92,146967.38,4.5,2.9,No,2,65,4
EMP-0371,2017-03-13,Operations,Junior,F,37,133341.21,13942.28,147283.49,7.8,2.8,No,4.9,59,16
EMP-0372,2019-05-14,Finance,Senior,M,41,93944.64,7344.99,101289.63,5.6,1.4,No,1.3,30,2
EMP-0373,2017-10-02,Sales,Director,F,57,169790.41,34312.39,204102.8,7.3,1,No,3.7,17,15
EMP-0374,2022-09-22,Sales,Lead,M,34,167078.53,31156.69,198235.22,2.3,3.9,Yes,4,31,16
EMP-0375,2015-10-15,Marketing,Director,Non-binary,36,60348.06,5537.7,65885.76,9.2,1.5,No,4.8,54,15
EMP-0376,2021-03-12,Sales,Senior,F,56,158362.67,33961.12,192323.79,3.8,2.2,No,2.2,27,0
EMP-0377,2021-04-10,Engineering,Lead,Non-binary,53,43337.03,63.83,43400.86,3.7,2.8,No,2.4,0,11
EMP-0378,2017-07-12,Engineering,Junior,M,53,63643.94,8418.45,72062.39,7.5,4.6,No,1.5,62,0
EMP-0379,2017-11-09,Finance,Lead,M,45,78396.32,8395.1,86791.42,7.1,1.7,No,1.4,56,14
EMP-0380,2017-03-12,Legal,Junior,F,34,51046.52,3635.79,54682.31,7.8,1.5,No,4,4,5
EMP-0381,2018-08-22,Operations,Junior,M,53,114767.93,22948.42,137716.35,6.4,3.9,No,4,51,16
EMP-0382,2021-03-04,Sales,Junior,F,31,84897.48,289.69,85187.17,3.8,3.7,No,3.7,43,13
EMP-0383,2015-07-16,Operations,Senior,M,27,145330.49,9001.31,154331.8,9.5,1.6,Yes,1.7,35,3
EMP-0384,2019-12-08,Legal,Mid,M,28,136666.02,17163,153829.02,5.1,1.7,Yes,3.5,19,7
EMP-0385,2016-03-13,Engineering,Senior,F,31,96813.93,14920.66,111734.59,8.8,1.4,No,2.5,67,9
EMP-0386,2018-04-11,Legal,Lead,M,54,96925.56,1251.68,98177.24,6.7,1.4,No,2.1,44,13
EMP-0387,2018-06-02,Marketing,Junior,M,25,130762.46,10514.6,141277.06,6.6,2.1,No,4.6,12,13
EMP-0388,2017-05-16,HR,Senior,F,29,49048.65,167.52,49216.17,7.6,3.2,No,2.3,46,18
EMP-0389,2023-10-12,Finance,Director,F,35,119727.45,2610.99,122338.44,1.2,1.4,Yes,1.5,75,20
EMP-0390,2018-04-23,Product,Junior,M,56,124756.5,9402.79,134159.29,6.7,2.9,No,3.1,19,1
EMP-0391,2017-04-14,Operations,Manager,F,45,100029.92,17938.51,117968.43,7.7,4.6,No,2.9,67,16
EMP-0392,2015-03-20,Operations,Director,F,40,41589.56,5886.74,47476.3,9.8,4.2,No,4,50,15
EMP-0393,2023-09-03,Marketing,Lead,Non-binary,46,116562.3,11372.02,127934.32,1.3,3.4,No,1.7,20,18
EMP-0394,2018-10-23,Engineering,Manager,M,54,137624.33,18065.71,155690.04,6.2,2.2,No,2.2,34,17
EMP-0395,2016-03-08,Engineering,Manager,F,40,40668.15,1506.14,42174.29,8.8,4.5,No,2.1,6,20
EMP-0396,2018-04-18,Sales,Junior,F,45,82061.47,19416.31,101477.78,6.7,4.5,No,3.9,52,19
EMP-0397,2019-06-02,Engineering,Senior,F,39,60626.61,14726.27,75352.88,5.6,3.1,Yes,1.4,48,20
EMP-0398,2019-11-21,Finance,Lead,F,42,73975.06,10757.15,84732.21,5.1,4.2,No,1.6,29,13
EMP-0399,2020-03-16,Sales,Lead,F,51,61829.06,13329.61,75158.67,4.8,1.8,No,4.8,23,20
EMP-0400,2019-01-10,Marketing,Mid,M,34,45070.85,811.82,45882.67,6,2,No,1.4,67,4
EMP-0401,2015-10-04,Legal,Lead,M,29,154851.53,29555.19,184406.72,9.2,3.6,No,1.5,10,8
EMP-0402,2017-11-20,Engineering,Junior,M,56,141739.07,11990.77,153729.84,7.1,3.8,No,1.6,72,14
EMP-0403,2017-05-11,Product,Mid,F,25,113811.33,7609.9,121421.23,7.6,3.2,No,4.3,13,17
EMP-0404,2019-02-17,Legal,Mid,M,36,38480.13,4109.06,42589.19,5.9,1.6,No,1.9,49,3
EMP-0405,2022-03-04,Finance,Junior,F,44,46062.04,3843.01,49905.05,2.8,2.4,No,4.6,77,4
EMP-0406,2017-07-17,HR,Manager,F,49,56781.91,9472.26,66254.17,7.5,2.2,No,2.4,13,8
EMP-0407,2022-11-12,Operations,Director,M,22,159948.53,39109.39,199057.92,2.1,4.1,No,2.3,49,14
EMP-0408,2022-02-04,Legal,Director,F,31,48114.82,11965.82,60080.64,2.9,1.7,No,2.4,63,13
EMP-0409,2022-12-14,HR,Mid,F,46,95705.65,11893.87,107599.52,2,3.1,Yes,3.1,29,12
EMP-0410,2016-10-23,Legal,Manager,Non-binary,36,136948.53,8052.34,145000.87,8.2,1,No,2.4,60,4
EMP-0411,2016-01-12,HR,Mid,F,51,55900.34,11925.11,67825.45,9,4.9,No,2,28,1
EMP-0412,2017-02-23,Marketing,Lead,M,49,88894.21,15587.64,104481.85,7.9,3.7,No,2.9,76,5
EMP-0413,2015-03-12,Marketing,Junior,F,26,36809.27,7647.75,44457.02,9.8,2.7,No,2.9,17,16
EMP-0414,2019-08-14,HR,Lead,M,40,51133.67,767.02,51900.69,5.4,3.6,Yes,4,64,5
EMP-0415,2015-07-27,Legal,Director,M,57,138153.98,8912.81,147066.79,9.4,3.3,No,3.8,54,5
EMP-0416,2019-02-17,Legal,Mid,F,47,124761.35,6827.76,131589.11,5.9,1.7,Yes,3.4,9,14
EMP-0417,2022-06-21,Legal,Lead,F,25,151484.19,24489.21,175973.4,2.5,1.8,No,1.4,46,19
EMP-0418,2020-01-08,Operations,Mid,Non-binary,28,44471.28,6638.57,51109.85,5,4,No,1.8,25,20
EMP-0419,2015-04-09,Sales,Manager,Non-binary,24,116742.2,23063.17,139805.37,9.7,1.2,No,1.4,39,0
EMP-0420,2020-05-13,Finance,Senior,M,44,176208.36,30953.5,207161.86,4.6,1.4,No,4.6,64,3
EMP-0421,2023-03-01,Legal,Lead,Non-binary,24,77067.31,2919.65,79986.96,1.8,2.9,No,4.8,29,6
EMP-0422,2017-12-06,HR,Lead,F,43,77172.03,12028.63,89200.66,7.1,4.8,No,4.6,49,7
EMP-0423,2018-10-20,Sales,Mid,Non-binary,53,49123.88,183.5,49307.38,6.2,4.1,No,3.2,11,15
EMP-0424,2016-08-11,Marketing,Senior,F,26,75617.01,6868.45,82485.46,8.4,1.4,No,3.8,58,8
EMP-0425,2022-05-25,Product,Director,F,29,175893.69,21470.42,197364.11,2.6,2.5,No,2.6,79,4
EMP-0426,2022-06-17,HR,Senior,M,48,108361.65,7120.1,115481.75,2.5,4.5,No,3.5,7,7
EMP-0427,2023-01-05,Sales,Senior,M,32,117669.39,25117.39,142786.78,2,1.9,No,3.7,44,14
EMP-0428,2022-11-18,Product,Junior,M,33,141107.83,32365.21,173473.04,2.1,4.7,No,1.8,42,2
EMP-0429,2020-06-20,Product,Mid,M,29,75364.38,721.28,76085.66,4.5,1.6,No,1.6,27,10
EMP-0430,2015-10-25,Legal,Junior,F,49,176891.32,9438.07,186329.39,9.2,1.8,No,4.8,54,8
EMP-0431,2019-11-06,Sales,Mid,M,39,93734.93,6991.14,100726.07,5.2,3.8,No,3.1,33,5
EMP-0432,2015-02-14,HR,Senior,F,34,85645.06,8973.48,94618.54,9.9,2.9,No,4.9,55,11
EMP-0433,2021-01-18,Finance,Junior,Non-binary,31,81941.22,20206.05,102147.27,4,4.8,No,1.1,58,4
EMP-0434,2022-06-04,Legal,Senior,Non-binary,22,178294.6,42047.38,220341.98,2.6,4.4,No,3.6,74,3
EMP-0435,2015-04-24,Finance,Lead,Non-binary,32,122136.79,6599.58,128736.37,9.7,1.8,No,4.9,73,0
EMP-0436,2020-06-01,Operations,Senior,Non-binary,29,136400.99,22128.05,158529.04,4.6,2.8,No,2.4,69,13
EMP-0437,2023-06-04,Marketing,Lead,M,45,60649.8,9020.02,69669.82,1.6,3.2,No,2.1,55,20
EMP-0438,2019-12-20,Sales,Junior,M,27,129195.57,19904.53,149100.1,5,2.6,No,4,79,17
EMP-0439,2016-11-15,Engineering,Director,F,48,65721.31,12764.4,78485.71,8.1,3.2,No,1.8,60,3
EMP-0440,2020-08-14,Legal,Junior,F,36,108596.32,7265.34,115861.66,4.4,3.6,No,4.4,53,7
EMP-0441,2015-07-02,Engineering,Junior,F,45,156911.6,20357.84,177269.44,9.5,4,No,2.3,73,13
EMP-0442,2018-09-13,Finance,Manager,M,25,151193.09,21841.87,173034.96,6.3,1.5,No,4.9,22,12
EMP-0443,2020-09-06,Legal,Mid,M,30,108117.27,17067.42,125184.69,4.3,4.1,No,4.3,20,10
EMP-0444,2018-02-03,Engineering,Lead,M,31,39033.66,6904.82,45938.48,6.9,4.7,No,3.3,3,4
EMP-0445,2022-11-21,HR,Mid,F,36,78053.76,10447.83,88501.59,2.1,2,No,4.1,6,8
EMP-0446,2016-03-21,Engineering,Director,Non-binary,28,51085.07,11841.51,62926.58,8.8,1.5,No,2.1,23,2
EMP-0447,2016-08-28,HR,Mid,M,28,106200.36,582.96,106783.32,8.3,1.3,No,1.8,53,12
EMP-0448,2020-11-15,Marketing,Mid,F,22,166027.53,27380.7,193408.23,4.1,3.5,No,1.5,43,11
EMP-0449,2022-10-20,Engineering,Mid,Non-binary,38,169354.56,8164.81,177519.37,2.2,1.1,No,3.1,19,6
EMP-0450,2020-02-07,Engineering,Senior,F,36,47099.2,8143.47,55242.67,4.9,1.5,No,2.9,11,11
EMP-0451,2023-11-10,Product,Director,M,49,109335.2,10931.94,120267.14,1.1,1.8,No,1.8,35,12
EMP-0452,2016-10-26,Operations,Mid,F,53,97853.39,10914.51,108767.9,8.2,3.4,No,4.3,79,3
EMP-0453,2021-07-07,HR,Senior,M,50,59251.11,500.08,59751.19,3.5,3,Yes,2.6,77,20
EMP-0454,2023-06-13,Engineering,Junior,F,42,97261.09,4520.57,101781.66,1.6,2,No,3.6,47,4
EMP-0455,2020-02-01,HR,Director,M,43,65997,9362.82,75359.82,4.9,2.3,No,3.2,49,9
EMP-0456,2018-09-07,Sales,Manager,F,26,118222.52,19100.92,137323.44,6.3,3.7,No,2.3,40,6
EMP-0457,2018-01-26,Product,Lead,M,39,96079.4,2980.69,99060.09,6.9,1.7,No,3.4,30,18
EMP-0458,2015-05-01,Engineering,Lead,F,30,157038.22,15814.17,172852.39,9.7,4.6,Yes,1.2,2,2
EMP-0459,2022-02-27,Legal,Director,F,39,80992.5,7002.3,87994.8,2.8,1.3,No,3,6,12
EMP-0460,2019-12-15,Product,Director,M,45,170967.04,4391.44,175358.48,5,1.9,No,1.6,41,13
EMP-0461,2018-03-03,Finance,Director,F,56,178486.93,41681.62,220168.55,6.8,4.5,No,4.5,5,3
EMP-0462,2015-05-03,Operations,Senior,Non-binary,46,74137.25,3157.11,77294.36,9.7,1.6,No,1.5,40,4
EMP-0463,2021-11-15,Sales,Manager,Non-binary,37,118793.28,19638.58,138431.86,3.1,4.9,No,4.1,61,7
EMP-0464,2016-05-25,Operations,Director,M,44,115984.71,25309.96,141294.67,8.6,3.6,No,3.8,9,15
EMP-0465,2015-04-01,Finance,Lead,M,34,105708.61,8997.13,114705.74,9.8,4.3,Yes,3.1,40,9
EMP-0466,2022-11-05,Sales,Mid,F,45,90908.48,10282.47,101190.95,2.2,3.5,No,4.1,24,2
EMP-0467,2019-07-06,Operations,Manager,M,31,101838.35,2728.59,104566.94,5.5,1.4,No,4.6,23,8
EMP-0468,2015-08-22,Product,Senior,F,29,169404.52,3560.32,172964.84,9.4,2.7,No,2.6,55,16
EMP-0469,2020-01-15,Operations,Senior,M,25,129050.15,23616.23,152666.38,5,2.7,No,1.8,22,19
EMP-0470,2019-09-20,Product,Manager,M,28,133768.28,21615.11,155383.39,5.3,4.8,No,1.5,4,18
EMP-0471,2019-04-03,Sales,Senior,F,47,91826.67,2325.61,94152.28,5.8,3.9,No,3,21,6
EMP-0472,2020-11-10,Operations,Director,M,28,61836.43,14033.51,75869.94,4.1,3.5,No,4.4,30,5
EMP-0473,2020-11-03,Marketing,Mid,F,51,55565.88,176.91,55742.79,4.2,2.9,No,1.1,33,2
EMP-0474,2017-11-25,Engineering,Manager,F,52,119558.03,14595.27,134153.3,7.1,2,No,1.2,2,18
EMP-0475,2019-04-17,Marketing,Mid,M,28,79167.33,14570.48,93737.81,5.7,2.8,No,5,32,15
EMP-0476,2019-06-15,Engineering,Senior,F,43,164249,31803.79,196052.79,5.6,4.4,Yes,2.9,34,16
EMP-0477,2015-03-14,Finance,Director,F,44,107185.67,6548.18,113733.85,9.8,4,No,2.4,11,6
EMP-0478,2021-11-04,Operations,Director,Non-binary,50,178163.09,39021.85,217184.94,3.2,1.7,No,4.6,50,18
EMP-0479,2021-05-10,Finance,Junior,Non-binary,55,136766.17,28521.61,165287.78,3.6,1.5,No,3.3,44,9
EMP-0480,2016-01-16,Marketing,Lead,F,55,175167.36,27317.14,202484.5,9,3.7,No,2.9,8,9
EMP-0481,2015-08-02,Finance,Senior,Non-binary,29,42713.03,3265.64,45978.67,9.4,2.7,No,1.2,17,11
EMP-0482,2019-09-22,Marketing,Junior,F,31,179407.57,8823.6,188231.17,5.3,3.3,No,2.2,4,15
EMP-0483,2020-04-26,Legal,Lead,M,28,164489.88,37840.66,202330.54,4.7,3.4,No,3.3,41,18
EMP-0484,2017-11-25,Finance,Senior,F,48,115371.15,8683.47,124054.62,7.1,1.3,Yes,4.7,59,17
EMP-0485,2017-07-26,Legal,Junior,F,55,99075.69,7759.12,106834.81,7.4,4.7,No,2.9,54,14
EMP-0486,2021-07-15,Engineering,Manager,M,48,47822.2,1680.78,49502.98,3.5,4.6,No,3.3,47,4
EMP-0487,2023-10-10,Engineering,Lead,F,47,132161.49,15291.34,147452.83,1.2,4.1,Yes,2.8,6,2
EMP-0488,2015-05-27,Sales,Senior,Non-binary,28,154181.32,21795.2,175976.52,9.6,3.8,No,1.5,74,16
EMP-0489,2015-12-07,Marketing,Manager,M,30,67413.82,11387.56,78801.38,9.1,4.4,No,3.5,0,15
EMP-0490,2018-02-03,Engineering,Mid,Non-binary,29,110374.27,6821.3,117195.57,6.9,1.4,No,4.3,56,12
EMP-0491,2015-02-10,Legal,Lead,F,37,157049.52,21465.5,178515.02,9.9,4.3,No,4.4,78,3
EMP-0492,2021-03-21,Engineering,Mid,F,37,59762.45,11080.93,70843.38,3.8,3.2,No,2.9,37,3
EMP-0493,2022-06-22,Operations,Lead,M,28,102274.74,20799.96,123074.7,2.5,1.6,No,2.8,72,12
EMP-0494,2015-10-10,Engineering,Director,Non-binary,50,41181.61,9338.53,50520.14,9.2,4.9,No,4.5,58,8
EMP-0495,2015-03-12,Finance,Senior,Non-binary,46,109391.55,4772.12,114163.67,9.8,1.6,Yes,2.4,17,8
EMP-0496,2019-07-03,Product,Lead,M,33,118525.65,27480.53,146006.18,5.5,4.1,Yes,2,41,18
EMP-0497,2020-10-20,Legal,Junior,M,23,158544.52,6309.27,164853.79,4.2,1.4,No,3,60,10
EMP-0498,2018-12-26,Finance,Junior,F,46,144593.01,15184.3,159777.31,6,1.3,Yes,2,4,2
EMP-0499,2022-06-20,Engineering,Mid,F,28,136315.23,12869.14,149184.37,2.5,5,Yes,3.2,25,8
EMP-0500,2022-08-22,Operations,Mid,F,32,97939.14,12940.93,110880.07,2.4,4.2,No,3.3,80,3
